sample_id,product_brief,script,source_type,privacy_note,reviewer_label,human_A1,human_A2,human_A3,human_A4,human_A5,human_A6
S001,PB01,一撕，一扣，再一倒，不出意外，整个空间都弥漫着雅致的气息，连呼吸都跟着那种高级的质感。这个是该品牌的空气除味香氛。千万不要忽略嗅觉带给你的情绪价值。该品牌的功能性非常牛，和大牌的香氛功能其实是一样的。它除了能带给你奢华酒店的高级香氛氛围感，它还能 99.9% 的有效抑菌，97.64% 的除甲醛，98.56% 的去除尼古丁。配料都是植物萃取的，都是有检测报告的，大人小孩放心用。有一点它是倒置的扩香工艺。常规的或者是插棍的那种，刚开始挥发走快，香味很冲，甚至有点刺鼻，但是用几天香味就全跑了。这种倒置的，它就缓慢地持续地挥发，既不会造成浪费，香味也更持久。而且它的香味是那种慢慢弥漫开的，完全没有那种刺鼻感。这种高级的香薰一定像香水一样，是分前中后调的。比如说这个无极雪松的：前调是柑橘豆蔻，中调是粉红胡椒、雪松和桉叶，后调就是琥珀和檀香。适合放在玄关、书房、车里，就是那种冷静雅致高雅的氛围感。这个佛手柑橘的：前调是橙子、柚子，中调是白玉兰、罗勒、玫瑰，后调是雪松、苔藓。它既有花果香的那种清新感，同时也有一点克制含蓄，放客厅、卧室、衣柜都 OK。这个桃气玫瑰的花果香更浓郁，适合放在异味比较重的地儿——卫生间、鞋柜、厨房、新装修的，或者是抽烟吐的地儿都适合。这个邂逅森林呢，有种雨后森林的气息，有一种绿叶调的克制的浪漫感。每个味道都很高级很好，就像是给你的空间加层滤镜一样。这一瓶的话你能用两个多月。扩散面积的话商家说 80 多平，但是我用着保守的说，三四十平米肯定是够了。这个不贵，但是能让你生活的质感、空间的氛围感、情绪的价值都非常实用有用。价格也不贵的，该品牌的除味香氛推荐给你。,public_video,公开视频资料，无敏感信息,Reminder,Pass,Reminder,Pass,Reminder,Reminder,Reminder
S002,PB01,如果家里臭得根本就不能待，该品牌家倒置香氛我承认之前是我对它成见太大了。我之前一直给你们推的是这两个，因为粉色的我从来没有收到。然后前一阵他给我发了一个粉色的新出的，然后这个我也在家放了挺长时间的，你看它就剩这么多了。这个味道也是非常的好闻，它这个会有一股桃子香。这两个就是偏花果香花果调的，但是这个也很高级很清新，没有我想象中那么甜，就是闻了会让人觉得很舒服。这个桃子味，紫色的这里边是紫色小石头，然后带的花蒂，这个是粉色的石头，然后加那种粉色小爱心片，摆在家里非常高级，非常好看。它包装升级了，之前咱们说这种老式的它终于是漏液的，现在它这个不是漏液的了。这是它目前还是随机发的，不固定，它这些把这些老的发完然后才都会正常发货的。这个香薰你别看它便宜，但是它该有的它都有，它不该有的它也有。这个价格它在去味这方面可以说，这个头一这是我们去香港，然后狗狗在家，我家狗它可能就是生气了，它故意在衣帽间拉了一坨屎，然后是拖地的时候这个屎就抹开了，我是就是臭得根本就不能待。我没招了，我拆了好几个这个香氛，然后我把它搁在地上，在屋里放了好几个，味道确实散得很快。你们可以平时拖地的时候，给它放一点点在你拖地的水里面，然后你整个屋里就会特别的香。因为它是四个味道，每一个味道都很好，你如果实在选不出来，你可以根据它这几个的寓意去选：蓝色的是深邃雪松，这个是柑橘发财，紫色邂逅森林，桃气玫瑰，每一个里边都带的这种装饰晶石，特别的漂亮。母婴可用，宠物友好。但是不能放车里，因为你一打开之后这个盖是开的，什么摇晃的话会容易撒，放车里会有撒的风险。手动撕开这个外包装，把这个盖子拧开，它里边是这种扩香的棉片。这种倒置的就是完全不浪费，每一滴都给你用到最后。这样就可以了，这样就可以把它摆在家里的任何一个角落，非常漂亮。,public_video,公开视频资料，无敏感信息,Needs Revision,Pass,Pass,Pass,Reminder,Needs Revision,Needs Revision
S003,PB01,最后来给你们分享该品牌的倒置香氛了，它真的是升级款，可以持久留香几十天的，比起前那款持久留香时间更长。它分了三个味道，我家里用的就是这个无极雪松。你看里面就有一些像冬天的雪花闪片一样，它超级可爱，它是一种木质香调，这个雪松。这个的话是花果香，这个的话是木质香调。只需在这个开口处一撕，把这个膜揭开，就可以倒过来了。木质调它是一面是金色的闪片，跟晶石花超好看，这个摆在家里门口出入什么都很好看。这个是果香甜，持久留香的，它有99.9%的抑菌率，使用起来也很方便，直接盖上倒置放在家里就可以了。它还可以五分钟快速去味，99.9%的抑菌率。这个我们家里常备了，而且有时候出去玩出门什么的，回来家里一喷，这个放在家里回家就是香香的，又好看，当晚还很好闻，任何场景都能放。反正给你们说，有女生喜欢的话，又想要持久留香时间长的话，可以选择该品牌的这个哦，再见再见。,public_video,公开视频资料，无敏感信息,Reminder,Reminder,Reminder,Pass,Pass,Reminder,Reminder
S004,PB01,怪不得crush爱来我家玩，真的太上头了，很温柔很治愈的味道。我就试了黄色这瓶，直接倒出来这么多。该品牌他们家真的打破了我对传统香氛的偏见。像我以前用的这种就真的很麻烦，必须让这个液体进到棉片上才能散发香味，是不是就要把它倒过来，还会弄得到处都是。但是我家新换的这个香薰就非常尊重牛顿定律好吧，它是倒置的设计，一撕一开，你只要摆在那里就可以持续扩香，一点都不浪费。还是该品牌橙色的这个就很适合放在玄关或者客厅，它是那种很高级的香味，里面还加了很多晶石和闪片，水晶一样，每次回家就像进了那种高级酒店，不管是邀请男生还是女生来家都非常有面子。还有这个紫色的味道老喜欢了，就是那种能散发出植物原本花香的气味，一点都不刺激，每次开门就能闻到淡淡的花香，特别治愈。我每次闻到这个味道就感觉活力满满，幸福的感觉。最关键的是它不像这些普通的香氛，只是靠香味掩盖臭味，它里面有个核心的成分叫除臭因子，从源头分解空气中的臭味，用料也很安全，都是植物萃取的。像我一样家里有小宠物的也能放心用。而且现在这个链接有活动，你们点开要是有库存的话就会有。谁能拒绝一个香香软软的房间呢？,public_video,公开视频资料，无敏感信息,Reminder,Pass,Pass,Pass,Reminder,Pass,Pass
S005,PB01,太离谱了，我就放了五分钟，回家全是这种淡淡的佛手柑橘香，难怪闺蜜每次来我家都说像进了五星级酒店。就是该品牌家的倒置香氛，盖上倒置，它就能慢慢释放味道，还能快速祛除异味。关键每个味道都是国际知名调香大师调配，高级又好闻。平时放卧室、卫生间、客厅都可以，还有三个9的抑菌率，用得也安心。国风包装配合bling bling的闪片设计，今年放家里氛围感满满。而且还是能直接看到余量的倒置设计，一滴都不会浪费。趁新品价更划算，多囤几瓶换着用。,public_video,公开视频资料，无敏感信息,Reminder,Pass,Reminder,Pass,Reminder,Pass,Reminder
S006,PB01,我前两年去朋友家里，真的一进门整个客厅都是那种橙子清香，就完全想象不到，仿佛是有人在你旁边切橙子。再反观我自己家里，本来通风就不太好，成都最近还老是下雨，每次一回家那种霉味加臭味加在一起可难闻了。我以前买过那种非常普通的香薰，我感觉真的一般般，就只是盖着味，但是我朋友家里面就明显感觉到没有那种臭味和夹杂的味道。后来我去了解才知道，有些香氛是可以真分解异味的，就像该品牌他们这个倒置香氛，他们家就用自己的净味AIR技术，先捕捉家里难闻的气味给它分解干净，再释放出那种自然清香。安装也挺简单的，包装一撕开，里面的盖子打开，你看对比其他的，它扩香棉片就特别大，有7个面，扩香就会更加充分，然后盖上外面的盖子就OK了。用完像这样倒着放，它也不会浪费液体，以前那种都是剩半瓶它就没味道了。这个黄色的佛手柑橘，你放在客厅，我就是放在洗手间，真的很合适。大概就五分钟，你在客厅里面都能闻到橙子的味道，这个扩香完全没话说，这么大一瓶能用整整70天了。然后你说这个紫色，它的味道就是那种安神的花香调，它就非常适合放到卧室。这个花香，它就不是那种腻人、刺激的工业香水味，它闻起来是非常治愈然后放松。像我这种家里面有猫的，就很害怕有安全问题嘛，它这个里面却是植物萃取的，猫狗还有宝宝都能放心用，因为它除菌率能够做到99.9%，就包括除甲醛、氨、硫化氢，报告都是非常权威的。每天下班非常疲惫地回到家，一推开门就是那种香味在迎接你，走到哪里都会有不同格调的香味，这个居家氛围感真的是直接拉满。这个外观真的是颜值非常高，它里面还加了这种亮片和晶石的，连摇一下你看，非常漂亮，bling bling的，超级好看，随便摆在家里都好看。,public_video,公开视频资料，无敏感信息,Needs Revision,Pass,Pass,Pass,Reminder,Needs Revision,Needs Revision
S007,PB01,如果你们家卫生间总是臭臭的，真的一定要试试该品牌这款倒置香氛。我也就打开这个紫色鸢尾香，过几分钟，整个卫生间都是干净清雅的鸢尾花香。还有这个佛手柑橘，就像在房间里挤爆了一整颗橘子，完全不是那种刺鼻的工业香精味，是那种温润柔和的果香，高级又好闻。它不是靠香味去硬压住臭味，是真的能把异味给分解掉，再慢慢地散出很自然柔和的淡香。还是特殊倒置的设计，留香扩香都特别稳定，卧室、玄关、客厅随便放，整个家走到哪儿都是很温柔治愈的舒服味道。,public_video,公开视频资料，无敏感信息,Reminder,Pass,Pass,Pass,Pass,Reminder,Reminder
S008,PB01,不服不行啊，该品牌新出的佛手柑橘倒置香氛也太好闻了。一撕、一盖、一倒，满屋都是清爽的柑橘调，真好高级。国风新中式包装，真的很适合新年摆家里。放客厅，放卧室，放浴室，每天摆餐桌上的一整个爱住了。,public_video,公开视频资料，无敏感信息,Needs Revision,Reminder,Needs Revision,Pass,Pass,Needs Revision,Needs Revision
S009,PB01,该品牌的除味香氛其他香氛都可以往后退，听我的先来试试这个无极雪松，好好闻。淡淡的薄荷加上小豆蔻，配合上冷冷的桧木草木枝香气，和夏天超适配。而且极简的白色瓶身我就放在卫生间，每次一走一过都能闻到隐隐约约的香味，整个人就可治愈了。而且它升级款可以做到五分钟快速去味，不管是夏天在厕所抽烟的、新装修柜子有板材家具味的，或者说是尿骚味、下水道反臭味，它都可以做到97%的去除率。而且不是以香盖臭，是真的从源头分解，长效除味，还有三个9的抑菌效果，用起来就很放心了。再加上大品牌真的做了超多的安全检测报告，母婴可用，家里有毛孩子的也不刺激。这个造型还是一个比较极简的倒装瓶设计，可以用到最后一滴，里面有雪花一样星星点点的小闪片，看见就想拿起来晃一晃，非常舒缓心情，姐妹们可以来试试看。,public_video,公开视频资料，无敏感信息,Needs Revision,Pass,Pass,Pass,Reminder,Reminder,Reminder
S010,PB01,简直太离谱了，我就放了五分钟，整个客厅都是这种淡淡的桃气玫瑰香。该品牌家这个倒置香氛产品是真有点东西的，盖上倒置，它就能慢慢释放味道。怪不得朋友每次来我家都问我喷了什么大牌香水。扩香的同时还能快速去除异味，还有三个9的抑菌率，用着也安心。每个味道都是国际知名调香大师调配，高级又好闻。里面一整个bling bling闪片的设计，放哪里都超有氛围感。倒置的设计一滴都不会浪费，平时放客厅、卫生间、书房，哪哪都可以。关键价格也划算，直接囤四个味道都能用好久了。,public_video,公开视频资料，无敏感信息,Reminder,Pass,Reminder,Pass,Reminder,Pass,Reminder
S011,PB01,怪不得老公每次来我家说感觉像进了七星级酒店，真的太好闻了。我就试了黄色这瓶，感觉整个人都放松了，它真的能清除抑郁的情绪。该品牌他们家真的打破了我对传统香氛的偏见。像我以前用的这种就真的很麻烦，必须让这个液体进到棉片上才能散发香味，是不是就要把它倒过来，还会弄得到处都是。但是我家新换的这个香薰就非常尊重牛顿定律好吧，它是倒置的设计，一撕一开，你只要摆在那里就可以持续扩香，一点都不浪费。还是该品牌橙色的这个就很适合放在玄关或者客厅，它是那种很高级的香味，里面还加了很多晶石和闪片，水晶一样，每个香味还有对应的好运寓意，显化人真的可以试一下，这个黄色摆了三天我老板真的给我加薪了。还有这个紫色的味道老喜欢了，我每次闻到这个味道就感觉活力满满，幸福的感觉。最关键的是它不像这些普通的香氛，只是靠香味掩盖臭味，它里面有个核心的成分叫除臭因子，从源头分解空气中的臭味，用料也很安全，都是植物萃取的。像我一样家里有小宠物的也能放心用。而且现在这个链接有活动，你们点开要是有库存的话就会有。谁能拒绝一个香香软软的房间呢？,public_video,公开视频资料，无敏感信息,Needs Revision,Pass,Pass,Pass,Needs Revision,Pass,Pass
S012,PB01,"今天我挑了一个香薰，很多兄弟可能不理解啊，大老爷们买这干什么？它的除菌率和除味率都是 99 以上，有什么用啊？首先它是个香薰，它能除味，大家第一印象就是放客厅啊，或者放卧室，你往那一放确实很好用，它扩味也快。再一个，很多兄弟这个鞋柜，尤其运动完、打完球，现在还是夏天，全是味，你往那一放，它确实很管用。再比如说放衣柜，基本上一到两天你衣服就带那个香味，它不腻，没有香水那种刻意，但是很好闻。据品牌方说，它还能除甲醛，也有那个检测报告什么的，这个我不是很清楚啊，如果真有这个问题的话，还是多通风吧。
很多香薰啊，它跑一半它不跑了。这个是倒着放，不会这个问题。用的话，从这儿给它撕开，把这一拧，这盖给它拧下来，再给它安回去，哎，这样一放就好了。它味道还挺多的啊，这两个应该是偏冷一点的，这个橘子味，还有一个味是什么？应该是偏暖一点的，大家看自己喜欢。它一瓶大概能放两到三个月左右，价格是 25 块钱一瓶，它现在应该是有券，大家自己点开看看能领多少，有需要的下单，好吗？",douyin_transcript,,Needs Revision,Pass,Pass,Pass,Reminder,Pass,Pass
S013,PB01,如果你们家卫生间也总是臭臭的，真的一定要试试该品牌这款倒置香氛。我也就打开这个紫色“鸢尾邂逅”几分钟，整个卫生间都是干净清雅的鸢尾花香。还有这个“佛手柑橘”，就像在房间里挤爆了一整颗橘子，完全不是那种冲鼻子的工业香精味，是那种温润柔和的果香，高级又好闻。它不是靠香味去硬压住臭味，是真的能把异味给分解掉，再慢慢散出很自然柔和的淡香。还是特殊倒置的设计，锁香扩香都特别稳定，卧室、玄关、客厅随便放，整个家走到哪都是很温柔治愈的舒服味道。,douyin_transcript,,Pass,Pass,Pass,Pass,Pass,Reminder,Reminder
S014,PB01,"不知道你们有没有这种感觉，到了换季就觉得房间里闷闷的，整个人都昏昏沉沉的，很没劲。但是我最近发现，闻一闻植物的清香就特别地治愈放松。这是我最近新发现的，能完美还原植物花香的香氛——该品牌新出的灵感倒置香氛，就这么一撕、一开、一倒，盖子里是七面的扩香棉片，能让整个家里都变得香香的，很舒畅。
这个“鸢尾邂逅”跟我那瓶香加子邂逅一样，酸酸甜甜的水果味中又有一丝花香，前调很清爽，后调是那种疗愈舒缓的高级香。我每次闻到这个味道就觉得活力满满，很有力量。他们家这个可不是单纯只是有香味，而是每款香味都添加了独特的“情绪香氛技术”。像这瓶是添加的活力香氛技术，很能缓解不好的情绪。
我每次沉闷的时候闻到就觉得茅塞顿开，真的很能安抚到我。而且你仔细看，它里边还有紫晶亮片，好美，紫气东来也是好兆头。外形更是寓意着霉运清零、好运来临，妥妥的好运能量香。它的味道也是很高级、很有层次感，不是用浓香去压臭味，而是从源头上分解异味后再释放香味。像我家有小孩嘛，这种又能抑菌，我就很喜欢。而且都是植萃配方，家里有小宝宝或者毛孩子的，用起来也很安心。
我家客厅放的是粉色的“桃气玫瑰”，就是那种初夏刚刚绽放的桃花香气，遇到晚风后留下的淡淡玫瑰香，闻起来很有幸福感，就是家的温暖味道。这个香氛真的是能调动治愈情绪的，甜甜的味道就是会增加愉悦幸福感。果然玄学也是科学，最打动我的就是它那句 slogan：“让好运被承接，主动开启好运循环。”30+ 的我，生活中的烦心琐事太多太多，很多都不能马上解决，但至少可以把窒息的沉闷感倒空归零，让大脑换上一瓶又甜又软的新风，疗愈一下自己。",douyin_transcript,,Needs Revision,Pass,Pass,Pass,Reminder,Reminder,Reminder
S015,PB01,哇，你知道这有多香吗？你只要把它放 5 分钟，你整个家里都是香香的。特别是这个“佛手柑橘”，它的味道非常地高级，里边还带这种亮晶晶的。如果你喜欢那种木质调中性香，你可以试试“无极雪松”。这个你放哪都行，客厅啊、卧室啊、卫生间啊，持久挥发香味，淡雅却不浓郁。还是该品牌他们家出的，看看无极雪松里边的小亮晶晶，天呐，超级漂亮！如果你想要家里香香的，那这个空气除味香氛，你必须得给我安排上。,douyin_transcript,,Pass,Pass,Reminder,Pass,Pass,Pass,Pass
S016,PB01,我上次去朋友新家，他那个房间里就总是有一股奇怪的板材味。我直接给他买了该品牌的灵感倒置香氛，尤其是这个金灿灿的，不仅适合秋冬，搬家乔迁礼它也超级合适。这个是该品牌做的新款升级，因为我用他们家的这个香氛确实时间很久了，其他的我感觉都有点杂七杂八的“以香盖臭、以次充好”，甚至母婴或养狗养宠物的家庭是没有办法用的，这个它可以，因为它有相关的安全报告。而且它还能去板材的甲醛味、浴室的尿骚味、还有客厅抽烟的那种尼古丁的味道。甚至新版这个升级里面，它把一块海绵升级成了这种立体环绕式的海绵，就哪怕滴一滴进去，整个房间都会散出这种淡淡的清甜的花果香，甚至这个味道散得又快又均匀，而且对着鼻闻也是 OK 的，不会有刺激性的味道。但是最让我觉得喜欢的，是它这里面增加了一些这样子的小晶石，每个里面都有，巨漂亮。搬家的小伙伴，或者你的长时间的柜子里还有一股奇怪的板材臭味，这个一定要试一下，这种小物件带来的微小的治愈感，真的无法比拟。,douyin_transcript,,Needs Revision,Pass,Pass,Pass,Reminder,Reminder,Reminder
